{
  "posting_title": "Waiter/Waitress",
  "country": "AE",
  "city": "Dubai",
  "lt_number": "LT-2025-0001",
  "chalani_number": "CH-7788",
  "approval_date_bs": "2082-05-10",
  "approval_date_ad": "2025-08-26",
  "posting_date_ad": "2025-09-11",
  "posting_date_bs": "2082-05-26",
  "announcement_type": "full_ad",
  "notes": "Immediate hiring for reputable hotel group",
  "posting_agency": {
    "name": "Udaan Recruitment",
    "license_number": "LIC-12345",
    "address": "Kathmandu, Nepal",
    "phones": [
      "+977-1-5550000"
    ],
    "emails": [
      "info@udaan.example"
    ],
    "website": "https://udaan.example"
  },
  "employer": {
    "company_name": "Gulf Hospitality LLC",
    "country": "AE",
    "city": "Dubai"
  },
  "contract": {
    "period_years": 2,
    "renewable": true,
    "hours_per_day": 8,
    "days_per_week": 6,
    "overtime_policy": "paid",
    "weekly_off_days": 1,
    "food": "free",
    "accommodation": "free",
    "transport": "free",
    "annual_leave_days": 21
  },
  "positions": [
    {
      "title": "Waiter",
      "vacancies": {
        "male": 10,
        "female": 5
      },
      "salary": {
        "monthly_amount": 1800,
        "currency": "AED",
        "converted": [
          {
            "amount": 650,
            "currency": "USD"
          }
        ]
      },
      "hours_per_day_override": 8,
      "days_per_week_override": 6,
      "overtime_policy_override": "paid",
      "weekly_off_days_override": 1,
      "food_override": "free",
      "accommodation_override": "free",
      "transport_override": "free",
      "position_notes": "Hotel dining service"
    }
  ],
  "skills": [
    "customer service",
    "english communication"
  ],
  "education_requirements": [
    "High School Diploma"
  ],
  "experience_requirements": {
    "min_years": 1,
    "preferred_years": 2,
    "domains": [
      "hospitality"
    ]
  },
  "canonical_title_names": [
    "Waiter",
    "Waitress"
  ]
}