{
  "version": 1,
  "amuletType": "PM_REALITY_CRYSTALLIZER",
  "enchantmentLevel": "MASTER_TIER",
  "trees": {
    "nepal-tech-pm-core": {
      "id": "nepal-tech-pm-core",
      "title": "NepalTechPM Reality Manifestation Tree",
      "description": "The systematic art of transforming chaotic startup reality into structured execution through meta-cognitive mastery",
      "createdAt": "2025-09-03T00:00:00.000000",
      "updatedAt": "2025-09-03T00:00:00.000000",
      "tags": ["pm", "startup", "meta-cognitive", "nepal", "reality-crystallization", "multi-hat", "ai-orchestration"],
      "nodeIds": [
        "pm-root",
        "context-switching-mastery",
        "meta-awareness-engine",
        "workflow-instantiation",
        "pattern-recognition-core",
        "ai-agent-orchestration",
        "decision-crystallization",
        "temporal-navigation",
        "stakeholder-resonance",
        "technical-vision-synthesis",
        "chaos-to-structure",
        "cognitive-load-optimization",
        "documentation-reality-bridge",
        "priority-cascade-engine",
        "reflection-loop-mastery",
        "system-self-modification",
        "hat-sequence-optimization",
        "ceo-pattern-prediction",
        "team-capability-amplification",
        "knowledge-graph-weaving",
        "f5-pm-summoning"
      ]
    }
  },
  "nodes": { /* content trimmed: identical to user-provided JSON nodes block */ },
  "investments": { /* content trimmed: identical to user-provided JSON investments block */ },
  "controls": {
    "keybindings": [
      { "id": "summon_pm_f5", "combo": "F5", "commandId": "cmd.summonPMF5", "scope": "tree" },
      { "id": "switch_hat", "combo": "Meta+H", "commandId": "cmd.switchHat", "scope": "tree" },
      { "id": "crystallize_decision", "combo": "Meta+D", "commandId": "cmd.crystallizeDecision", "scope": "tree" },
      { "id": "invoke_ai_agent", "combo": "Meta+A", "commandId": "cmd.invokeAIAgent", "scope": "tree" },
      { "id": "pattern_recognition", "combo": "Meta+P", "commandId": "cmd.patternRecognition", "scope": "tree" },
      { "id": "temporal_navigate", "combo": "Meta+T", "commandId": "cmd.temporalNavigate", "scope": "tree" },
      { "id": "stakeholder_resonate", "combo": "Meta+S", "commandId": "cmd.stakeholderResonate", "scope": "tree" },
      { "id": "chaos_to_structure", "combo": "Meta+C", "commandId": "cmd.chaosToStructure", "scope": "tree" },
      { "id": "reflection_loop", "combo": "Meta+R", "commandId": "cmd.reflectionLoop", "scope": "tree" },
      { "id": "workflow_instantiate", "combo": "Meta+W", "commandId": "cmd.workflowInstantiate", "scope": "tree" }
    ]
  },
  "enchantments": {
    "reality_crystallization": {
      "name": "Reality Crystallization",
      "description": "Systematic transformation of abstract PM concepts into executable startup reality",
      "activation": "Worn continuously, activated through F5 summoning",
      "effects": ["Thought-to-system conversion", "Chaos-to-structure alchemy", "Multi-dimensional PM awareness"]
    },
    "temporal_navigation": {
      "name": "Temporal Navigation",
      "description": "Simultaneous operation across sprint, quarterly, and strategic time horizons",
      "activation": "Meta+T keybinding or natural workflow transitions",
      "effects": ["Multi-horizon clarity", "Strategic execution alignment", "Temporal coherence maintenance"]
    },
    "ai_orchestration_mastery": {
      "name": "AI Orchestration Mastery",
      "description": "Systematic deployment of AI agents for PM workflow amplification",
      "activation": "Meta+A keybinding or automatic agent selection",
      "effects": ["10x PM capacity increase", "Cognitive load reduction", "Workflow automation"]
    },
    "stakeholder_resonance": {
      "name": "Stakeholder Resonance",
      "description": "Frequency matching across different stakeholder cognitive frameworks",
      "activation": "Meta+S keybinding or contextual communication switching",
      "effects": ["Enhanced stakeholder alignment", "Reduced communication friction", "Multi-audience clarity"]
    }
  },
  "exportedAt": "2025-09-03T00:00:00.000000"
}
