{
  "id": "<jobId>",
  "posting_title": "UAE-Welder-High",
  "country": "UAE",
  "city": "Dubai",
  "announcement_type": "full_ad",
  "posting_date_ad": "2025-09-11",
  "notes": "...",
  "agency": { "name": "A", "license_number": "LIC-AF-1" },
  "employer": { "company_name": "UAE Co 1", "country": "UAE", "city": "Dubai" },
  "contract": {
    "period_years": 2,
    "renewable": true,
    "hours_per_day": 8,
    "days_per_week": 6,
    "overtime_policy": "paid",
    "weekly_off_days": 1,
    "food": "free",
    "accommodation": "free",
    "transport": "paid",
    "annual_leave_days": 14
  },
  "positions": [
    {
      "title": "Welder",
      "vacancies": { "male": 5, "female": 0, "total": 5 },
      "salary": {
        "monthly_amount": 1500,
        "currency": "AED",
        "converted": [ { "amount": 410, "currency": "USD" }, { "amount": 55000, "currency": "NPR" } ]
      },
      "overrides": {
        "hours_per_day": null,
        "days_per_week": null,
        "overtime_policy": null,
        "weekly_off_days": null,
        "food": null,
        "accommodation": null,
        "transport": null
      }
    }
  ],
  "skills": ["industrial-wiring", "electrical-systems"],
  "education_requirements": ["technical-diploma"],
  "experience_requirements": { "min_years": 2 },
  "canonical_titles": ["Welder"],
  "expenses": {
    "medical": [],
    "insurance": [],
    "travel": [],
    "visa_permit": [],
    "training": [],
    "welfare_service": []
  },
  "interview": null,
  "cutout_url": "/public/LIC-AF-1/<jobId>/cutout.svg",
  "fitness_score": 67
}
