[
  {
    "name": "Udaan Global Recruitment",
    "license_number": "LIC-AG-0001",
    "country": "Nepal",
    "city": "Kathmandu",
    "address": "Putalisadak, Ward 28",
    "phones": ["+977-1-4444444", "+977-9801000001"],
    "emails": ["info@udaan.global", "support@udaan.global"],
    "contact_email": "contact@udaan.global",
    "contact_phone": "+977-9801000001",
    "website": "https://udaan.global",
    "description": "Leading manpower agency specializing in Gulf placements.",
    "logo_url": "https://cdn.example.com/logos/udaan.png",
    "license_valid_till": "2026-12-31"
  },
  {
    "name": "Himalayan Manpower Services",
    "license_number": "LIC-AG-0002",
    "country": "Nepal",
    "city": "Pokhara",
    "address": "Lakeside-6",
    "phones": ["+977-61-555555", "+977-9802000002"],
    "emails": ["hello@himalayanms.com"],
    "contact_email": "ops@himalayanms.com",
    "contact_phone": "+977-9802000002",
    "website": "https://himalayanms.com",
    "description": "Hospitality placements across GCC.",
    "logo_url": "https://cdn.example.com/logos/himalayan.png",
    "license_valid_till": "2027-06-30"
  },
  {
    "name": "Everest Workforce Pvt. Ltd.",
    "license_number": "LIC-AG-0003",
    "country": "Nepal",
    "city": "Lalitpur",
    "address": "Kupondole-10",
    "phones": ["+977-1-5550000"],
    "emails": ["jobs@everestwf.com"],
    "contact_email": "hr@everestwf.com",
    "contact_phone": "+977-9803000003",
    "website": "https://everestwf.com",
    "description": "Skilled technical roles in manufacturing and MEP.",
    "logo_url": "https://cdn.example.com/logos/everest.png",
    "license_valid_till": "2028-03-31"
  },
  {
    "name": "Lumbini Recruitment",
    "license_number": "LIC-AG-0004",
    "country": "Nepal",
    "city": "Butwal",
    "address": "Traffic Chowk",
    "phones": ["+977-71-540000"],
    "emails": ["info@lumbinirecruit.com"],
    "contact_email": "contact@lumbinirecruit.com",
    "contact_phone": "+977-9804000004",
    "website": "https://lumbinirecruit.com",
    "description": "Construction trades and heavy equipment operators.",
    "logo_url": "https://cdn.example.com/logos/lumbini.png",
    "license_valid_till": "2026-09-15"
  },
  {
    "name": "Janakpur Placement Hub",
    "license_number": "LIC-AG-0005",
    "country": "Nepal",
    "city": "Janakpur",
    "address": "Janak Chowk",
    "phones": ["+977-41-520000"],
    "emails": ["care@janakpurhub.com"],
    "contact_email": "ops@janakpurhub.com",
    "contact_phone": "+977-9805000005",
    "website": "https://janakpurhub.com",
    "description": "Security, drivers and support staff recruitment.",
    "logo_url": "https://cdn.example.com/logos/janakpur.png",
    "license_valid_till": "2027-01-01"
  },
  {
    "name": "Biratnagar Talent Source",
    "license_number": "LIC-AG-0006",
    "country": "Nepal",
    "city": "Biratnagar",
    "address": "Main Road-10",
    "phones": ["+977-21-470000"],
    "emails": ["hello@biratnagar-ts.com"],
    "contact_email": "support@biratnagar-ts.com",
    "contact_phone": "+977-9806000006",
    "website": "https://biratnagar-ts.com",
    "description": "Light industrial and logistics workforce.",
    "logo_url": "https://cdn.example.com/logos/biratnagar.png",
    "license_valid_till": "2026-05-20"
  },
  {
    "name": "Nepal Gulf Placements",
    "license_number": "LIC-AG-0007",
    "country": "Nepal",
    "city": "Bhaktapur",
    "address": "Suryabinayak-5",
    "phones": ["+977-1-6611111"],
    "emails": ["connect@ngp.com"],
    "contact_email": "ops@ngp.com",
    "contact_phone": "+977-9807000007",
    "website": "https://ngp.com",
    "description": "Multi-industry placements to KSA, UAE, Qatar, Oman.",
    "logo_url": "https://cdn.example.com/logos/ngp.png",
    "license_valid_till": "2028-11-11"
  },
  {
    "name": "Koseli Overseas",
    "license_number": "LIC-AG-0008",
    "country": "Nepal",
    "city": "Dharan",
    "address": "Bishnupaduka-7",
    "phones": ["+977-25-520000"],
    "emails": ["info@koselioverseas.com"],
    "contact_email": "contact@koselioverseas.com",
    "contact_phone": "+977-9808000008",
    "website": "https://koselioverseas.com",
    "description": "Healthcare support and care workers.",
    "logo_url": "https://cdn.example.com/logos/koseli.png",
    "license_valid_till": "2027-07-07"
  },
  {
    "name": "Sagarmatha HR",
    "license_number": "LIC-AG-0009",
    "country": "Nepal",
    "city": "Hetauda",
    "address": "Basantapur-3",
    "phones": ["+977-57-520000"],
    "emails": ["hr@sagarmathahr.com"],
    "contact_email": "ops@sagarmathahr.com",
    "contact_phone": "+977-9809000009",
    "website": "https://sagarmathahr.com",
    "description": "Retail and customer support staffing.",
    "logo_url": "https://cdn.example.com/logos/sagarmatha.png",
    "license_valid_till": "2029-02-20"
  },
  {
    "name": "Karnali Recruiters",
    "license_number": "LIC-AG-0010",
    "country": "Nepal",
    "city": "Surkhet",
    "address": "Birendranagar-4",
    "phones": ["+977-83-520000"],
    "emails": ["hello@karnalirecruiters.com"],
    "contact_email": "ops@karnalirecruiters.com",
    "contact_phone": "+977-9810000010",
    "website": "https://karnalirecruiters.com",
    "description": "Skilled trades and maintenance technicians.",
    "logo_url": "https://cdn.example.com/logos/karnali.png",
    "license_valid_till": "2026-10-10"
  }
]
