[
  { "country_code": "UAE", "country_name": "United Arab Emirates", "currency_code": "AED", "currency_name": "UAE Dirham", "npr_multiplier": "36.00" },
  { "country_code": "QAT", "country_name": "Qatar", "currency_code": "QAR", "currency_name": "Qatari Riyal", "npr_multiplier": "36.50" },
  { "country_code": "KSA", "country_name": "Saudi Arabia", "currency_code": "SAR", "currency_name": "Saudi Riyal", "npr_multiplier": "35.00" },
  { "country_code": "KWT", "country_name": "Kuwait", "currency_code": "KWD", "currency_name": "Kuwaiti Dinar", "npr_multiplier": "432.00" },
  { "country_code": "OMN", "country_name": "Oman", "currency_code": "OMR", "currency_name": "Omani Rial", "npr_multiplier": "350.00" },
  { "country_code": "BHR", "country_name": "Bahrain", "currency_code": "BHD", "currency_name": "Bahraini Dinar", "npr_multiplier": "347.00" },
  { "country_code": "MYS", "country_name": "Malaysia", "currency_code": "MYR", "currency_name": "Malaysian Ringgit", "npr_multiplier": "28.00" },
  { "country_code": "KOR", "country_name": "South Korea", "currency_code": "KRW", "currency_name": "South Korean Won", "npr_multiplier": "0.096" },
  { "country_code": "JPN", "country_name": "Japan", "currency_code": "JPY", "currency_name": "Japanese Yen", "npr_multiplier": "0.90" },
  { "country_code": "CYP", "country_name": "Cyprus", "currency_code": "EUR", "currency_name": "Euro", "npr_multiplier": "145.00" },
  { "country_code": "ROU", "country_name": "Romania", "currency_code": "RON", "currency_name": "Romanian Leu", "npr_multiplier": "29.00" },
  { "country_code": "POL", "country_name": "Poland", "currency_code": "PLN", "currency_name": "Polish Zloty", "npr_multiplier": "34.00" },
  { "country_code": "PRT", "country_name": "Portugal", "currency_code": "EUR", "currency_name": "Euro", "npr_multiplier": "145.00" },
  { "country_code": "HRV", "country_name": "Croatia", "currency_code": "EUR", "currency_name": "Euro", "npr_multiplier": "145.00" },
  { "country_code": "MLT", "country_name": "Malta", "currency_code": "EUR", "currency_name": "Euro", "npr_multiplier": "145.00" },
  { "country_code": "ISR", "country_name": "Israel", "currency_code": "ILS", "currency_name": "Israeli Shekel", "npr_multiplier": "35.00" },
  { "country_code": "TUR", "country_name": "Turkey", "currency_code": "TRY", "currency_name": "Turkish Lira", "npr_multiplier": "4.80" },
  { "country_code": "JOR", "country_name": "Jordan", "currency_code": "JOD", "currency_name": "Jordanian Dinar", "npr_multiplier": "187.00" },
  { "country_code": "IND", "country_name": "India", "currency_code": "INR", "currency_name": "Indian Rupee", "npr_multiplier": "1.60" },
  { "country_code": "LKA", "country_name": "Sri Lanka", "currency_code": "LKR", "currency_name": "Sri Lankan Rupee", "npr_multiplier": "0.40" },
  { "country_code": "BGD", "country_name": "Bangladesh", "currency_code": "BDT", "currency_name": "Bangladeshi Taka", "npr_multiplier": "1.20" },
  { "country_code": "PAK", "country_name": "Pakistan", "currency_code": "PKR", "currency_name": "Pakistani Rupee", "npr_multiplier": "0.48" },
  { "country_code": "IDN", "country_name": "Indonesia", "currency_code": "IDR", "currency_name": "Indonesian Rupiah", "npr_multiplier": "0.0085" },
  { "country_code": "THA", "country_name": "Thailand", "currency_code": "THB", "currency_name": "Thai Baht", "npr_multiplier": "3.70" },
  { "country_code": "SGP", "country_name": "Singapore", "currency_code": "SGD", "currency_name": "Singapore Dollar", "npr_multiplier": "98.00" },
  { "country_code": "HKG", "country_name": "Hong Kong", "currency_code": "HKD", "currency_name": "Hong Kong Dollar", "npr_multiplier": "17.00" },
  { "country_code": "CHN", "country_name": "China", "currency_code": "CNY", "currency_name": "Chinese Yuan", "npr_multiplier": "18.00" },
  { "country_code": "TWN", "country_name": "Taiwan", "currency_code": "TWD", "currency_name": "New Taiwan Dollar", "npr_multiplier": "4.10" },
  { "country_code": "MDC", "country_name": "Maldives", "currency_code": "MVR", "currency_name": "Maldivian Rufiyaa", "npr_multiplier": "8.60" },
  { "country_code": "MUS", "country_name": "Mauritius", "currency_code": "MUR", "currency_name": "Mauritian Rupee", "npr_multiplier": "2.80" },
  { "country_code": "ZAF", "country_name": "South Africa", "currency_code": "ZAR", "currency_name": "South African Rand", "npr_multiplier": "7.20" },
  { "country_code": "KEN", "country_name": "Kenya", "currency_code": "KES", "currency_name": "Kenyan Shilling", "npr_multiplier": "1.02" },
  { "country_code": "USA", "country_name": "United States", "currency_code": "USD", "currency_name": "US Dollar", "npr_multiplier": "133.00" },
  { "country_code": "CAN", "country_name": "Canada", "currency_code": "CAD", "currency_name": "Canadian Dollar", "npr_multiplier": "97.00" },
  { "country_code": "AUS", "country_name": "Australia", "currency_code": "AUD", "currency_name": "Australian Dollar", "npr_multiplier": "88.00" },
  { "country_code": "NZL", "country_name": "New Zealand", "currency_code": "NZD", "currency_name": "New Zealand Dollar", "npr_multiplier": "79.00" },
  { "country_code": "DEU", "country_name": "Germany", "currency_code": "EUR", "currency_name": "Euro", "npr_multiplier": "145.00" },
  { "country_code": "ITA", "country_name": "Italy", "currency_code": "EUR", "currency_name": "Euro", "npr_multiplier": "145.00" },
  { "country_code": "ESP", "country_name": "Spain", "currency_code": "EUR", "currency_name": "Euro", "npr_multiplier": "145.00" },
  { "country_code": "FRA", "country_name": "France", "currency_code": "EUR", "currency_name": "Euro", "npr_multiplier": "145.00" },
  { "country_code": "CZE", "country_name": "Czechia", "currency_code": "CZK", "currency_name": "Czech Koruna", "npr_multiplier": "6.20" },
  { "country_code": "HUN", "country_name": "Hungary", "currency_code": "HUF", "currency_name": "Hungarian Forint", "npr_multiplier": "0.36" },
  { "country_code": "BGR", "country_name": "Bulgaria", "currency_code": "BGN", "currency_name": "Bulgarian Lev", "npr_multiplier": "74.00" },
  { "country_code": "LTU", "country_name": "Lithuania", "currency_code": "EUR", "currency_name": "Euro", "npr_multiplier": "145.00" },
  { "country_code": "LVA", "country_name": "Latvia", "currency_code": "EUR", "currency_name": "Euro", "npr_multiplier": "145.00" },
  { "country_code": "EST", "country_name": "Estonia", "currency_code": "EUR", "currency_name": "Euro", "npr_multiplier": "145.00" }
]
